INSERT INTO employee (id, fio, branch_code) VALUES (1, 'Гусева Лилиана Даниловна', 'mainoffice');
INSERT INTO employee (id, fio, branch_code) VALUES (2, 'Матвеев Роман Олегович', 'mainoffice');
INSERT INTO employee (id, fio, branch_code) VALUES (3, 'Лютова Милена Тарасовна', 'mainoffice');
INSERT INTO employee (id, fio, branch_code) VALUES (4, 'Комаров Сила Макарович', 'mainoffice');
INSERT INTO employee (id, fio, branch_code) VALUES (5, 'Зайцев Авдей Вячеславович', 'mainoffice');
ALTER SEQUENCE employee_id_seq RESTART WITH 6;
INSERT INTO subscriber (id, fio, address, phone, branch_code) VALUES (1, 'Беляев Константин Тарасович', 'ул. Достоевского, дом 16, квартира 78', 89453846552, 'mainoffice');
INSERT INTO subscriber (id, fio, address, phone, branch_code) VALUES (2, 'Леонтьев Георгий Егорович', 'ул. Производственная, дом 52, квартира 155', 89234542044, 'mainoffice');
INSERT INTO subscriber (id, fio, address, phone, branch_code) VALUES (3, 'Ичёткин Адам Юрьевич', 'ул. Подольская, дом 3, квартира 111', 89045545298, 'mainoffice');
INSERT INTO subscriber (id, fio, address, phone, branch_code) VALUES (4, 'Фёдорова Ия Борисовна', 'ул. Тарусская, дом 71, квартира 147', 89173868749, 'mainoffice');
INSERT INTO subscriber (id, fio, address, phone, branch_code) VALUES (5, 'Борисова Изабелла Григорьевна', 'ул. Продольный Проезд, дом 65, квартира 89', 89808153392, 'mainoffice');
ALTER SEQUENCE subscriber_id_seq RESTART WITH 6;
INSERT INTO edition (id, name, periodicity, price, publishing_house) VALUES (1, 'РБК', '3 раза в полугодие', 263, 'ООО «БизнесПресс»');
INSERT INTO edition (id, name, periodicity, price, publishing_house) VALUES (2, 'National Geographic Россия', '1 раз в месяц', 179, 'ООО «Ясно Паблишинг»');
INSERT INTO edition (id, name, periodicity, price, publishing_house) VALUES (3, 'Авторевю', '2 раза в месяц', 229, 'ООО «АВТОРЕВЮ»');
INSERT INTO edition (id, name, periodicity, price, publishing_house) VALUES (4, 'Смешарики', '1 раз в месяц', 93, 'АО Издательский дом «Лев»');
INSERT INTO edition (id, name, periodicity, price, publishing_house) VALUES (5, 'Вокруг света', '6 раз в полугодие', 218, 'ООО Издательство «ВОКРУГ СВЕТА»');
ALTER SEQUENCE edition_id_seq RESTART WITH 6;
INSERT INTO subscribe (id, date, price, count, subscriber_id, edition_id, branch_code) VALUES (1, '2019-12-20T15:10:12', 263, 1, 1, 1, 'mainoffice');
INSERT INTO subscribe (id, date, price, count, subscriber_id, edition_id, branch_code) VALUES (2, '2019-08-15T09:15:45', 179, 1, 2, 2, 'mainoffice');
INSERT INTO subscribe (id, date, price, count, subscriber_id, edition_id, branch_code) VALUES (3, '2019-05-13T11:05:36', 458, 2, 3, 3, 'mainoffice');
INSERT INTO subscribe (id, date, price, count, subscriber_id, edition_id, branch_code) VALUES (4, '2019-11-11T12:07:35', 186, 1, 4, 4, 'mainoffice');
INSERT INTO subscribe (id, date, price, count, subscriber_id, edition_id, branch_code) VALUES (5, '2019-04-03T14:35:28', 436, 2, 5, 5, 'mainoffice');
ALTER SEQUENCE subscribe_id_seq RESTART WITH 6;
INSERT INTO delivery (id,  subscription_id, count, employee_id, branch_code) VALUES (1, 1, 1, 1, 'mainoffice');
INSERT INTO delivery (id,  subscription_id, count, employee_id, branch_code) VALUES (2, 2, 1, 2, 'mainoffice');
INSERT INTO delivery (id,  subscription_id, count, employee_id, branch_code) VALUES (3, 3, 2, 3, 'mainoffice');
INSERT INTO delivery (id,  subscription_id, count, employee_id, branch_code) VALUES (4, 4, 1, 4, 'mainoffice');
INSERT INTO delivery (id,  subscription_id, count, employee_id, branch_code) VALUES (5, 5, 2, 5, 'mainoffice');
ALTER SEQUENCE delivery_id_seq RESTART WITH 6;
INSERT INTO admission (id, date, count, edition_id, branch_code) VALUES (1, '2019-11-12T13:12:34', 10, 1, 'mainoffice');
INSERT INTO admission (id, date, count, edition_id, branch_code) VALUES (2, '2019-08-10T15:13:25', 5, 2, 'mainoffice');
INSERT INTO admission (id, date, count, edition_id, branch_code) VALUES (3, '2019-05-03T17:15:56', 30, 3, 'mainoffice');
INSERT INTO admission (id, date, count, edition_id, branch_code) VALUES (4, '2019-11-01T10:03:25', 100, 4, 'mainoffice');
INSERT INTO admission (id, date, count, edition_id, branch_code) VALUES (5, '2019-04-03T11:25:25', 10, 5, 'mainoffice');
ALTER SEQUENCE admission_id_seq RESTART WITH 6;