INSERT INTO employee (id,  fio, branch_code) VALUES (11, 'Мамедова Мальвина Аркадьевна', 'office2');
INSERT INTO employee (id,  fio, branch_code) VALUES (12, 'Максимов Кирилл Денисович', 'office2');
INSERT INTO employee (id,  fio, branch_code) VALUES (13, 'Русова Лидия Владимировна', 'office2');
INSERT INTO employee (id,  fio, branch_code) VALUES (14, 'Смирнов Виталий Антонович', 'office2');
INSERT INTO employee (id,  fio, branch_code) VALUES (15, 'Вихирев Владимир Максимович', 'office2');
ALTER SEQUENCE employee_id_seq RESTART WITH 16;
INSERT INTO subscriber (id,  fio, address, phone, branch_code) VALUES (11, 'Фомова Анфиса Васильевна', 'ул. Троекуровский Проезд, дом 52, квартира 210', 89442275289, 'office2');
INSERT INTO subscriber (id,  fio, address, phone, branch_code) VALUES (12, 'Максимов Петр Валентинович', 'ул. Маршала Конева, дом 6, квартира 25', 89411758939, 'office2');
INSERT INTO subscriber (id,  fio, address, phone, branch_code) VALUES (13, 'Николаева Алиса Тимофеевна', 'ул. Даев Переулок, дом 74, квартира 22', 89419731824, 'office2');
INSERT INTO subscriber (id,  fio, address, phone, branch_code) VALUES (14, 'Борисова Вероника Владимировна', 'ул. Новоподмосковная, дом 54, квартира 236', 89307369471, 'office2');
INSERT INTO subscriber (id,  fio, address, phone, branch_code) VALUES (15, 'Орлов Иосиф Владимирович', 'ул. Извилистый Проезд, дом 97, квартира 149', 89034564486, 'office2');
ALTER SEQUENCE subscriber_id_seq RESTART WITH 16;
-- INSERT INTO edition (id,  name, periodicity, price, publishing_house) VALUES (11, 'Вы и Ваш компьютер', '1 раз в месяц', 250, 'ООО «АГЕНТСТВО ИНФОРМ-ПЛАНЕТА»');
-- INSERT INTO edition (id,  name, periodicity, price, publishing_house) VALUES (12, 'Системный администратор', '1 раз в месяц', 976, 'ООО «Издательский Дом Положевец и партнеры»');
-- INSERT INTO edition (id,  name, periodicity, price, publishing_house) VALUES (13, 'Главный механик', '1 раз в месяц', 4113, 'ООО «ПАНОРАМА»');
-- INSERT INTO edition (id,  name, periodicity, price, publishing_house) VALUES (14, 'Судостроение', '3 раза в полугодие', 361, 'АО «Центр технологии судостроения и судоремонта»');
-- INSERT INTO edition (id,  name, periodicity, price, publishing_house) VALUES (15, 'FORBES', '1 раз в месяц', 308, 'АС РУС МЕДИА');
-- ALTER SEQUENCE edition_id_seq RESTART WITH 16;
INSERT INTO subscribe (id,  date, price, count, subscriber_id, edition_id, branch_code) VALUES (11, '2019-07-04T11:04:26', 250, 1, 11, 11, 'office2');
INSERT INTO subscribe (id,  date, price, count, subscriber_id, edition_id, branch_code) VALUES (12, '2019-08-03T18:10:28', 1952, 2, 12, 12, 'office2');
INSERT INTO subscribe (id,  date, price, count, subscriber_id, edition_id, branch_code) VALUES (13, '2019-01-08T19:30:39', 4113, 1, 13, 13, 'office2');
INSERT INTO subscribe (id,  date, price, count, subscriber_id, edition_id, branch_code) VALUES (14, '2019-10-10T09:04:20', 361, 1, 14, 14, 'office2');
INSERT INTO subscribe (id,  date, price, count, subscriber_id, edition_id, branch_code) VALUES (15, '2019-08-04T10:19:10', 308, 1, 15, 15, 'office2');
ALTER SEQUENCE subscribe_id_seq RESTART WITH 16;
INSERT INTO delivery (id,  subscription_id, count, employee_id, branch_code) VALUES (11, 11, 1, 11, 'office2');
INSERT INTO delivery (id,  subscription_id, count, employee_id, branch_code) VALUES (12, 12, 2, 12, 'office2');
INSERT INTO delivery (id,  subscription_id, count, employee_id, branch_code) VALUES (13, 13, 1, 13, 'office2');
INSERT INTO delivery (id,  subscription_id, count, employee_id, branch_code) VALUES (14, 14, 1, 14, 'office2');
INSERT INTO delivery (id,  subscription_id, count, employee_id, branch_code) VALUES (15, 15, 1, 15, 'office2');
ALTER SEQUENCE delivery_id_seq RESTART WITH 16;
INSERT INTO admission (id,  date, count, edition_id, branch_code) VALUES (11, '2019-07-03T10:05:16', 100, 11, 'office2');
INSERT INTO admission (id,  date, count, edition_id, branch_code) VALUES (12, '2019-08-01T12:12:22', 5, 12, 'office2');
INSERT INTO admission (id,  date, count, edition_id, branch_code) VALUES (13, '2019-01-04T13:32:31', 10, 13, 'office2');
INSERT INTO admission (id,  date, count, edition_id, branch_code) VALUES (14, '2019-10-03T19:14:10', 15, 14, 'office2');
INSERT INTO admission (id,  date, count, edition_id, branch_code) VALUES (15, '2019-07-14T13:13:34', 10, 15, 'office2');
ALTER SEQUENCE admission_id_seq RESTART WITH 16;