INSERT INTO employee (id,  fio, branch_code) VALUES (6, 'Остимчук Милана Даниловна', 'office1');
INSERT INTO employee (id,  fio, branch_code) VALUES (7, 'Титов Сергей Михайлович', 'office1');
INSERT INTO employee (id,  fio, branch_code) VALUES (8, 'Гулевич Тимур Павлович', 'office1');
INSERT INTO employee (id,  fio, branch_code) VALUES (9, 'Охота Ростислава Кирилловна', 'office1');
INSERT INTO employee (id,  fio, branch_code) VALUES (10, 'Иванова Лада Георгиевна ', 'office1');
ALTER SEQUENCE employee_id_seq RESTART WITH 11;
INSERT INTO subscriber (id,  fio, address, phone, branch_code) VALUES (6, 'Дмитриев Наркис Ильич', 'ул. Волоколамский Проезд, дом 94, квартира 60', 89563759971, 'office1');
INSERT INTO subscriber (id,  fio, address, phone, branch_code) VALUES (7, 'Новикова Валерия Ефимовна', 'ул. Дорогобужский 3-й Переулок, дом 30, квартира 47', 89232572467, 'office1');
INSERT INTO subscriber (id,  fio, address, phone, branch_code) VALUES (8, 'Тайский Борис Тимофеевич', 'ул. Солдатский Переулок, дом 93, квартира 189', 89808941730, 'office1');
INSERT INTO subscriber (id,  fio, address, phone, branch_code) VALUES (9, 'Баландина Мальвина Яковлевна', 'ул. Бурцевская, дом 45, квартира 298', 89206322898, 'office1');
INSERT INTO subscriber (id,  fio, address, phone, branch_code) VALUES (10, 'Андронова Сильва Ефимовна', 'ул. Кольская, дом 50, квартира 56', 89792107374, 'office1');
ALTER SEQUENCE subscriber_id_seq RESTART WITH 11;
-- INSERT INTO edition (id,  name, periodicity, price, publishing_house) VALUES (6, 'Новая газета', '67 раз в полугодие', 483, 'ЗАО Издательский дом «Новая газета»');
-- INSERT INTO edition (id,  name, periodicity, price, publishing_house) VALUES (7, 'Огонёк', '1 раз в неделю', 140, 'Издательский дом «Коммерсантъ»');
-- INSERT INTO edition (id,  name, periodicity, price, publishing_house) VALUES (8, 'За рулём', '6 раз в полугодие', 141, 'ООО «ЗА РУЛЕМ»');
-- INSERT INTO edition (id,  name, periodicity, price, publishing_house) VALUES (9, 'Discovery', '1 раз в месяц', 234, 'ООО «МЕДИА ХАУС»');
-- INSERT INTO edition (id,  name, periodicity, price, publishing_house) VALUES (10, 'Оружие', '1 раз в 3 недели', 1232, 'ЗАО «Корпорация ВЕСТ»');
-- ALTER SEQUENCE edition_id_seq RESTART WITH 11;
INSERT INTO subscribe (id,  date, price, count, subscriber_id, edition_id, branch_code) VALUES (6, '2019-12-06T18:46:47', 1449, 3, 6, 6, 'office1');
INSERT INTO subscribe (id,  date, price, count, subscriber_id, edition_id, branch_code) VALUES (7, '2019-03-07T17:29:28', 280, 2, 7, 7, 'office1');
INSERT INTO subscribe (id,  date, price, count, subscriber_id, edition_id, branch_code) VALUES (8, '2019-04-18T15:17:57', 141, 1, 8, 8, 'office1');
INSERT INTO subscribe (id,  date, price, count, subscriber_id, edition_id, branch_code) VALUES (9, '2019-03-14T14:40:10', 234, 1, 9, 9, 'office1');
INSERT INTO subscribe (id,  date, price, count, subscriber_id, edition_id, branch_code) VALUES (10, '2019-04-07T14:47:40', 1232, 1, 10, 10, 'office1');
ALTER SEQUENCE subscribe_id_seq RESTART WITH 11;
INSERT INTO delivery (id,  subscription_id, count, employee_id, branch_code) VALUES (6, 6, 3, 6, 'office1');
INSERT INTO delivery (id,  subscription_id, count, employee_id, branch_code) VALUES (7, 7, 2, 7, 'office1');
INSERT INTO delivery (id,  subscription_id, count, employee_id, branch_code) VALUES (8, 8, 1, 8, 'office1');
INSERT INTO delivery (id,  subscription_id, count, employee_id, branch_code) VALUES (9, 9, 1, 9, 'office1');
INSERT INTO delivery (id,  subscription_id, count, employee_id, branch_code) VALUES (10, 10, 1, 10, 'office1');
ALTER SEQUENCE delivery_id_seq RESTART WITH 11;
INSERT INTO admission (id,  date, count, edition_id, branch_code) VALUES (6, '2019-12-06T12:43:49', 5, 6, 'office1');
INSERT INTO admission (id,  date, count, edition_id, branch_code) VALUES (7, '2019-03-04T15:22:23', 20, 7, 'office1');
INSERT INTO admission (id,  date, count, edition_id, branch_code) VALUES (8, '2019-04-12T11:16:47', 25, 8, 'office1');
INSERT INTO admission (id,  date, count, edition_id, branch_code) VALUES (9, '2019-03-12T15:42:32', 30, 9, 'office1');
INSERT INTO admission (id,  date, count, edition_id, branch_code) VALUES (10, '2019-04-02T15:37:50', 10, 10, 'office1');
ALTER SEQUENCE admission_id_seq RESTART WITH 11;